CREATE TABLE ROLES (
    id  varchar(50) primary key,
    name varchar(40) not null unique,
    description varchar(150) not null
);

CREATE TABLE USERS (
    id  varchar(50) primary key,
    email varchar(128) not null unique,
    password varchar(64) not null,
    first_name varchar(45) not null,
    last_name varchar(45) not null,
    photo_name varchar(64),
    is_active boolean not null
);

CREATE TABLE USERS_ROLES (
    user_id varchar(50),
    role_id varchar(50),
    primary key (user_id, role_id),
    foreign key (user_id) references USERS(id),
    foreign key (role_id) references ROLES(id)
);

CREATE TABLE CATEGORIES (
    id  varchar(50) primary key,
    name varchar(120) not null unique,
    alias varchar(64) not null unique,
    image varchar(64),
    is_active boolean not null,
    parent_id varchar(50),
    foreign key (parent_id) references CATEGORIES(id)
);

CREATE TABLE BRANDS (
    id  varchar(50) primary key,
    name varchar(50) not null unique,
    logo varchar(64) not null
);

CREATE TABLE BRANDS_CATEGORIES (
    brand_id varchar(50),
    category_id varchar(50),
    primary key (brand_id, category_id),
    foreign key (brand_id) references BRANDS(id),
    foreign key (category_id) references CATEGORIES(id)
);

CREATE TABLE PRODUCTS (
    id  varchar(50) primary key,
    name varchar(256) not null unique,
    alias varchar(256) not null unique,
    short_description varchar(512) not null,
    full_description varchar(4096) not null,
    created timestamp not null,
    updated timestamp not null,
    is_active boolean not null,
    in_stock boolean not null,
    discount_percent float(2) not null,
    cost float(8) not null,
    price float(8) not null,
    length float(2) not null,
    width float(2) not null,
    height float(2) not null,
    weight float(2) not null,
    main_image varchar(64) not null,
    category_id varchar(50),
    brand_id varchar(50),
    foreign key (category_id) references CATEGORIES(id),
    foreign key (brand_id) references BRANDS(id)
);

CREATE TABLE PRODUCT_IMAGES (
    id  varchar(50) primary key,
    name varchar(64) not null,
    product_id varchar(50),
    foreign key (product_id) references PRODUCTS(id)
);

CREATE TABLE PRODUCT_DETAILS (
    id  varchar(50) primary key,
    name varchar(256) not null,
    value varchar(256) not null,
    product_id varchar(50),
    foreign key (product_id) references PRODUCTS(id)
);


-------- Add Data --------

INSERT INTO ROLES(id, name, description) VALUES
('ce90fe6b-01ed-4bac-9961-f13b505a1758', 'Admin', 'manage everything'),
('b2b17514-04a8-4bde-8430-236d644f3769', 'Seller', 'manage product price, customers, shipping, orders, sales reports'),
('2a6a692f-b699-4384-90a1-61e7850f2130', 'Editor', 'manage categories, brands, products, articles and menus'),
('6683523a-651d-4286-a02d-86a7326b9fe8', 'Shipper', 'view products, view orders and update order status'),
('099b2f60-5049-4c5c-8307-3d8be1fded46', 'Assistant', 'manage questions and reviews')
;

INSERT INTO USERS(id, email, password, first_name, last_name, photo_name, is_active) VALUES
('c50c2dde-9265-4986-ab09-5cad594c9513', 'admin@dukaan.com', '$2a$10$N5CXDLePpRQbcNUcO8qc5OEc4yOwofSsBubaM8Y9aKAVkgrm4cKK6', 'Admin', 'Admin', null, true),
('d23c1693-3229-4d74-8ce7-077c4ef2e35a', 'nam@codejava.net', '$2a$10$nJ7RDIVjUz/ZGgjkKVWjp.0p6Ijt2JzhQ9QpaNp2khlHrFPfLCrsW', 'Nam', 'Ha Minh', null, true),
('cbc2e3b3-2a4c-4189-adac-085ab6cce47c', 'kanna.allada@gmail.com', '$2a$10$GX1Esv/J7pHaClREXRrV/.myaMX08BxrqQs5kzljwyCQLwf8Aa/Z.', 'Allada', 'Pavan', null, true),
('ab32d9fc-cd43-4c3b-a47a-d89f2a3e747e', 'aecllc.bnk@gmail.com', '$2a$10$AdUkx1ielQbWfFYngypW5uw6W93.dC9ZhZ1tSSvoFkEH/5eRpqzDa', 'Bruce', 'Kitchell', null, false),
('df104501-5913-4721-91a3-61bc53f9e0ba', 'muhammad.evran13@gmail.com', '$2a$10$kq95fnTg9y9wYkXn1alum.pxpiRNgoznrf4u8BCrjf6DGdwv3JS.m', 'Muhammad', 'Evran', null, true),
('010504e5-436f-495e-ae2a-c60c26e44033', 'kent.hervey8@gmail.com', '$2a$10$9o6OHfRqxQIZxXwWL48Eru30Ll3EopEMG3GsWGEWoImhGLAH.IqxG', 'Kent', 'Hervey', null, true),
('e902bd0c-19cf-40c5-ade9-0a3f3ca6710b', 'alfredephraim26@gmail.com', '$2a$10$eXSyarV0aTam9TthN8aeaenVMxJfaT/.9a/ELGZiEQB1Fw6C.66BW', 'Alfred', 'Ephraim', null, false),
('0c2aa217-2c76-4008-b633-80649afc5516', 'nathihsa@gmail.com', '$2a$10$t23zcRrGma4Pzeffk9YPWOWdoEGKS4/QjknuL5vLnjilc68xZ6AQO', 'Nathi', 'Sangweni', null, true),
('8db90d32-bac9-4896-b610-ec4f384e8ec2', 'ammanollashirisha2020@gmail.com', '$2a$10$etDcmCe.I450jfxEo36sEu76TuPIiqIs.bk.Wr3P7HhBBfnfNPtG.', 'Ammanolla', 'Shirisha', null, true),
('219e3b76-be51-4c4c-a9d8-e44d115db6d8', 'bfeeny238@hotmail.com', '$2a$10$SqRSV0zSe.XKVkxC0ABi2.11a5VMJoTOQLjDIVRkKlmsUbw4G9XQe', 'Bill', 'Feeny', null, true),
('a69a8df2-5566-4355-99ed-fef128cda96a', 'redsantosph@gmail.com', '$2a$10$r.6n0E81s51Bb2XgjL4OyeWahYr/DtSvxts6ybo5QlRArIKu08wKG', 'Frederick', 'Santos', null, true),
('69abf956-49d8-4dd8-9ecf-8b2d8616f2f6', 'ro_anamaria@mail.ru', '$2a$10$J/i2afsvYD1nuqAd703AvuNRm4z29YMrdyj76lq6rntN/RkiV7tJi', 'Ana', 'Maria', null, true),
('e7968cae-de20-40da-94d2-9b3c7535baba', 'maytassatya@hotmail.com', '$2a$10$VEdLzQp8ZdhtvRC0OLd6uOWD1sd1Lx6eTTZmQJkiAQnWRaqCb7UXW', 'Satya', 'Narayana', null, false),
('ac325eb9-a1ae-46a1-9146-e64eca0da57a', 'matthewefoli@gmail.com', '$2a$10$mwRDmvUSvz8WWCcyjJal2u.wPB4nbudB0lMsH949MQx29hsMhHzPy', 'Matthew', 'Efoli', null, true),
('38b804be-2855-43ed-a0ee-343a95685a1e', 'davekumara2@gmail.com', '$2a$10$0x/vm8uOxY5CckToFhnPMOJuJii74h5oE3Pc1y7lmxmh.u2HUCSxq', 'Dave', 'Kumar', null, true),
('533603ad-78b7-4e21-9627-0d935b81b838', 'jackkbruce@yahoo.com', '$2a$10$udA3NIo1kq0LC4eojCS6GuKtrWONzJQrzKo2llJ6r0dlCZ55oNjnO', 'Jack', 'Bruce', null, true),
('09a0a78f-21b1-410d-b918-b7e5d470e727', 'zirri.mohamed@gmail.com', '$2a$10$J5oEQW5k30cVf8YF2RkHp.1UruzgX6qFkIqM2NN1ZXoqJ/4C8nfOu', 'Mohamed', 'Zirri', null, true),
('5a6c8ed7-47eb-417e-a452-ab8882ce7e41', 'mk.majumdar009@hotmail.com', '$2a$10$Ng8XM4MSRgUrP00qKyoFdOv1rqceTdDwdZfIDP29plEX639HI4OlK', 'Mithun', 'Majumdar', null, false),
('d17fd461-6e3c-46c3-912b-12c4e72b1ebf', 'aliraza.arain.28@gmail.com', '$2a$10$nGsS1M.8eORkum3zDd/6zuuzwZbUbX7CQW9vhD6aaXLEEuafg/Ca6', 'Ali', 'Raza', null, true),
('0986263e-a710-4bb8-bed0-361c4642a550', 'isaachenry2877@gmail.com', '$2a$10$T6vOnoNjBEAgR8wJwRNml.MIc//I6AKSmbZ.JGQjpol8pgvCIWwzO', 'Isaac', 'Henry', null, true),
('1eed1cae-2ecf-4e7f-8880-030765e8c118', 's.stasovska82@hotmail.com', '$2a$10$5QwWb0a3nYvPmuOnG2/u3.2gv5Djwz8.t4m.Bgyhvqcw4dE8QVKDm', 'Svetlana', 'Stasovska', null, true),
('a5da9845-2874-453c-ada3-f436ff53c5c7', 'mikegates2012@gmail.com', '$2a$10$VNPRN/YkicjXlDMZsONT2OkExWDtkS/GOLacmBKewWih.tNQdFtRy', 'Mike', 'Gates', null, true),
('d1d2b437-d521-40ce-9854-7ed68b7845c0', 'pedroquintero67@gmail.com', '$2a$10$VqD6yx8AcGH7fc6rMgcIPuPz5kSMWzh.dxBf7LQSciNUqyls94A5y', 'Pedro', 'Quintero', null, false),
('da4a1e10-7ca0-4a65-a88d-91368f1d8a19', 'amina.elshal2@yahoo.com', '$2a$10$tb/gmnpakpEX67CnF08Yquc0/gSOtfZ0YUeiaPsWBsH2YWaNabcu2', 'Amina', 'Elshal', null, true)
;

INSERT INTO USERS_ROLES(user_id, role_id) VALUES
('c50c2dde-9265-4986-ab09-5cad594c9513', 'ce90fe6b-01ed-4bac-9961-f13b505a1758'),
('d23c1693-3229-4d74-8ce7-077c4ef2e35a', 'ce90fe6b-01ed-4bac-9961-f13b505a1758'),
('cbc2e3b3-2a4c-4189-adac-085ab6cce47c', 'ce90fe6b-01ed-4bac-9961-f13b505a1758'),
('ab32d9fc-cd43-4c3b-a47a-d89f2a3e747e', 'ce90fe6b-01ed-4bac-9961-f13b505a1758'),
('df104501-5913-4721-91a3-61bc53f9e0ba', '2a6a692f-b699-4384-90a1-61e7850f2130'),
('010504e5-436f-495e-ae2a-c60c26e44033', '2a6a692f-b699-4384-90a1-61e7850f2130'),
('010504e5-436f-495e-ae2a-c60c26e44033', '099b2f60-5049-4c5c-8307-3d8be1fded46'),
('e902bd0c-19cf-40c5-ade9-0a3f3ca6710b', '2a6a692f-b699-4384-90a1-61e7850f2130'),
('0c2aa217-2c76-4008-b633-80649afc5516', '2a6a692f-b699-4384-90a1-61e7850f2130'),
('8db90d32-bac9-4896-b610-ec4f384e8ec2', '2a6a692f-b699-4384-90a1-61e7850f2130'),
('219e3b76-be51-4c4c-a9d8-e44d115db6d8', 'b2b17514-04a8-4bde-8430-236d644f3769'),
('a69a8df2-5566-4355-99ed-fef128cda96a', 'b2b17514-04a8-4bde-8430-236d644f3769'),
('69abf956-49d8-4dd8-9ecf-8b2d8616f2f6', '2a6a692f-b699-4384-90a1-61e7850f2130'),
('69abf956-49d8-4dd8-9ecf-8b2d8616f2f6', 'b2b17514-04a8-4bde-8430-236d644f3769'),
('e7968cae-de20-40da-94d2-9b3c7535baba', 'b2b17514-04a8-4bde-8430-236d644f3769'),
('ac325eb9-a1ae-46a1-9146-e64eca0da57a', 'b2b17514-04a8-4bde-8430-236d644f3769'),
('38b804be-2855-43ed-a0ee-343a95685a1e', 'ce90fe6b-01ed-4bac-9961-f13b505a1758'),
('38b804be-2855-43ed-a0ee-343a95685a1e', '6683523a-651d-4286-a02d-86a7326b9fe8'),
('c50c2dde-9265-4986-ab09-5cad594c9513', '099b2f60-5049-4c5c-8307-3d8be1fded46'),
('533603ad-78b7-4e21-9627-0d935b81b838', '6683523a-651d-4286-a02d-86a7326b9fe8'),
('533603ad-78b7-4e21-9627-0d935b81b838', '2a6a692f-b699-4384-90a1-61e7850f2130'),
('09a0a78f-21b1-410d-b918-b7e5d470e727', '6683523a-651d-4286-a02d-86a7326b9fe8'),
('5a6c8ed7-47eb-417e-a452-ab8882ce7e41', '6683523a-651d-4286-a02d-86a7326b9fe8'),
('d17fd461-6e3c-46c3-912b-12c4e72b1ebf', '6683523a-651d-4286-a02d-86a7326b9fe8'),
('d17fd461-6e3c-46c3-912b-12c4e72b1ebf', '2a6a692f-b699-4384-90a1-61e7850f2130'),
('0986263e-a710-4bb8-bed0-361c4642a550', '099b2f60-5049-4c5c-8307-3d8be1fded46'),
('0986263e-a710-4bb8-bed0-361c4642a550', 'b2b17514-04a8-4bde-8430-236d644f3769'),
('1eed1cae-2ecf-4e7f-8880-030765e8c118', '099b2f60-5049-4c5c-8307-3d8be1fded46'),
('1eed1cae-2ecf-4e7f-8880-030765e8c118', '2a6a692f-b699-4384-90a1-61e7850f2130'),
('1eed1cae-2ecf-4e7f-8880-030765e8c118', 'b2b17514-04a8-4bde-8430-236d644f3769'),
('a5da9845-2874-453c-ada3-f436ff53c5c7', '099b2f60-5049-4c5c-8307-3d8be1fded46'),
('d1d2b437-d521-40ce-9854-7ed68b7845c0', '099b2f60-5049-4c5c-8307-3d8be1fded46'),
('da4a1e10-7ca0-4a65-a88d-91368f1d8a19', '099b2f60-5049-4c5c-8307-3d8be1fded46')
;


INSERT INTO CATEGORIES(id, name, alias, image, is_active, parent_id) VALUES
('b2e8500e-5b61-48d5-b2c2-c867e2bbfa24','Electronics','electronics','electronics.png',true,NULL),
('845b23f1-c0ee-462d-9fc7-d972ead9e37a','Camera & Photo','camera','camera.jpg',true,'b2e8500e-5b61-48d5-b2c2-c867e2bbfa24'),
('f1c0f5b4-072d-41ce-8d77-3d10b848ef6a','Computers','computers','computers.png',true,NULL),
('d3695de8-0a03-4e61-a897-14ca1182d3da','Cell Phones & Accessories','cellphones','cellphones.png',true,'b2e8500e-5b61-48d5-b2c2-c867e2bbfa24'),
('d2a4d24b-7de7-4016-a8b5-d208bf8bbb37','Desktops','desktop_computers','desktop-computers.png',true,'f1c0f5b4-072d-41ce-8d77-3d10b848ef6a'),
('90867ce7-7355-430f-a26c-d332a1ba2901','Laptops','laptop_computers','laptop-computers.png',true,'f1c0f5b4-072d-41ce-8d77-3d10b848ef6a'),
('c38bdaaa-cb09-4adb-85af-6013fdbec881','Tablets','tablet_computers','tablets.png',true,'f1c0f5b4-072d-41ce-8d77-3d10b848ef6a'),
('6b7e60d7-f156-4d5a-8748-23dc2e614258','Computer Components','computer_components','computer-components.png',true,'f1c0f5b4-072d-41ce-8d77-3d10b848ef6a'),
('e94f33d9-5cb0-48e7-b7bb-f452fa41132c','Bags & Cases','camera_bags_cases','bags-cases.png',true,'845b23f1-c0ee-462d-9fc7-d972ead9e37a'),
('aa904214-6449-4eff-af32-edc517608656','Digital Cameras','digital_cameras','digital-cameras.png',true,'845b23f1-c0ee-462d-9fc7-d972ead9e37a'),
('aff762be-f569-4ba6-b334-ad33a37cbf77','Flashes','camera_flashes','flashes.png',true,'845b23f1-c0ee-462d-9fc7-d972ead9e37a'),
('cae28317-e94d-46dd-8524-533ead7d39ba','Lenses','camera_lenses','lenses.png',true,'845b23f1-c0ee-462d-9fc7-d972ead9e37a'),
('9c1b67ef-5bee-476a-b85f-ccc80e087263','Tripods & Monopods','camera_tripods_monopods','tripods-monopods.png',true,'845b23f1-c0ee-462d-9fc7-d972ead9e37a'),
('168c4292-36a8-4f16-a3d4-ece487d2bfaf','Carrier Cell Phones','carrier_cellphones','carrier-cellphones.png',true,'d3695de8-0a03-4e61-a897-14ca1182d3da'),
('3b76c144-b85a-4cde-831e-e0af0699fa3c','Unlocked Cell Phones','unlocked_cellphones','unlocked-cellphones.png',true,'d3695de8-0a03-4e61-a897-14ca1182d3da'),
('3d29753f-0975-4866-b46a-1dec875565be','Accessories','cellphone_accessories','cellphone-accessories.png',true,'d3695de8-0a03-4e61-a897-14ca1182d3da'),
('b20b0b01-ca53-402b-ad10-b6a87343a0c4','Cables & Adapters','cellphone_cables_adapters','cables-adapters.png',true,'3d29753f-0975-4866-b46a-1dec875565be'),
('63b1f492-11df-4baa-b42f-0dccf7829099','MicroSD Cards','microsd_cards','microsd-cards.png',true,'3d29753f-0975-4866-b46a-1dec875565be'),
('71fb9423-4e74-46a6-9204-43c602f3721e','Stands','cellphone_stands','cellphone-stands.png',true,'3d29753f-0975-4866-b46a-1dec875565be'),
('1c783726-fe4d-4b70-a23a-e434a1d2e02b','Cases','cellphone_cases','cellphone-cases.png',true,'3d29753f-0975-4866-b46a-1dec875565be'),
('6df876ca-7650-43f0-9062-966e2241b55b','Headphones','headphones','headphones.png',true,'3d29753f-0975-4866-b46a-1dec875565be'),
('aba40445-81ab-4b80-ad4d-57b291ebca2a','CPU Processors Unit','computer_processors','computer-processors.png',true,'6b7e60d7-f156-4d5a-8748-23dc2e614258'),
('a5591b0d-ee85-46f6-8fea-1ea7afe6f9d6','Graphic Cards','computer_graphic_cards','graphic-cards.png',true,'6b7e60d7-f156-4d5a-8748-23dc2e614258'),
('bde29811-e6c1-4acb-bfa4-77391c6fa448','Internal Hard Drives','hard_drive','internal-hard-drive.png',true,'6b7e60d7-f156-4d5a-8748-23dc2e614258'),
('84b9d18c-59af-4869-9a55-78a8b2fef6bb','Internal Optical Drives','computer_optical_drives','internal-optical-drives.png',true,'6b7e60d7-f156-4d5a-8748-23dc2e614258'),
('9dc72a66-690e-40dc-90b9-f09820bd61e6','Power Supplies','computer_power_supplies','power-supplies.png',true,'6b7e60d7-f156-4d5a-8748-23dc2e614258'),
('35e98863-9ad8-4b18-8334-c933ee86d6dc','Solid State Drives','solid_state_drives','solid-state-drives.png',true,'6b7e60d7-f156-4d5a-8748-23dc2e614258'),
('bde23f22-b891-4f96-8412-506864e2e350','Sound Cards','computer_sound_cards','sound-cards.png',true,'6b7e60d7-f156-4d5a-8748-23dc2e614258'),
('6bed14f5-ac81-4168-bb6c-c822852d4232','Memory','computer_memory','computer-memory.png',true,'6b7e60d7-f156-4d5a-8748-23dc2e614258'),
('eb884009-692b-4ac7-b76e-f69db9bdfdfd','Motherboard','computer_motherboard','motherboards.png',true,'6b7e60d7-f156-4d5a-8748-23dc2e614258'),
('b523d5e1-6f85-44f7-85e9-c385c99e024f','Network Cards','computer_network_cards','network-cards.png',true,'6b7e60d7-f156-4d5a-8748-23dc2e614258')
;

INSERT INTO BRANDS(id, name, logo) VALUES
('5305b63d-adc2-49ef-9c31-d76f4d0bf137','Canon','canon.png'),
('b398d993-39fb-4c40-92dd-5e5af4dc0eac','Fujifilm','fujifilm.png'),
('108fe2c3-22bd-41ca-9afa-330602c7cf86','Sony','sony.png'),
('d4d2fc5e-beb4-43a9-8eb2-388622fef594','HP','hp.png'),
('972c6434-ddab-4047-9d04-f38d96314e2e','SanDisk','sandisk.png'),
('4f27cc30-4ae3-4677-8fe7-cd5a2b0581da','Western Digital','western-digital.png'),
('20d1b859-812d-4975-9ece-50c53fc758ec','Panasonic','panasonic.png'),
('25291bcd-af6b-497e-83c0-ecaba3218158','Pelican','pelican.png'),
('aa12d8cb-8e78-4f7b-bd9c-9ab5e6ead896','Apple','apple.png'),
('bd7458fd-1649-4300-bc5e-41df27eea315','Samsung','samsung.png'),
('0d4d7f13-c818-4e40-8fcd-b89ad33c8e4e','Olympus','olympus.png'),
('12a98f5d-89f6-4b60-a098-1e0207604f81','CADeN','caden.png'),
('14ab9bdc-e126-472c-90ae-941202a54050','AmazonBasics','amazonbasics.png'),
('9ef278cf-8c89-4ee3-8111-01495d79c2bc','Nikon','nikon.png'),
('84cd3537-f9db-494f-845c-e5deb462a398','Neewer','neewer.png'),
('39b7ad37-1c03-4757-83ed-051ac524f013','Sigma','sigma.png'),
('e9816927-bd40-4f3b-b431-9a19afcde808','Bosch','bosch.png'),
('abaa17d7-5c52-4370-81eb-29ac731ed642','Joby','joby.png'),
('eb22968d-8293-49a2-9ccd-1b7e112fd347','GoPro','gopro.png'),
('6872d62c-244c-44f9-98ed-60a45d6fe6b3','Manfrotto','manfrotto.png'),
('6d789672-1066-4533-a6a1-03f09d13f3ec','Google','google.png'),
('9b5c6d90-f3b3-454c-a7ad-d3c5aa47a120','LG','lg.png'),
('8f69c75f-d632-47dc-bb7f-a4d7192045f4','Motorola','motorola.png'),
('42dc204a-3d46-445d-a3c0-7ad9334a6155','Pantech','pantech.png'),
('9bb35ac0-ab53-4081-8acc-e67ef3003b44','Huawei','huawei.png'),
('1d0d97f3-ce83-40eb-8a21-e54bf538472e','Xiaomi','xiaomi.png'),
('a66b308b-cffa-4221-9256-0f28634d9222','HOVAMP','hovamp.png'),
('2e2f75bd-42d1-4d08-bd13-2f76ff0aec42','Aioneus','aioneus.png'),
('b3dfbb92-065d-485b-bb53-730fc35fbff6','XIAE','xiae.png'),
('ab3fbddc-0123-458e-a9e6-e63f3e083581','Everyworth','everyworth.png'),
('e91ee38c-e0e3-41be-b133-ef4434da1ae5','Lexar','lexar.png'),
('bdf9002c-958e-42e1-a74c-e6c6ac15c60f','Nulaxy','nulaxy.png'),
('00ea2500-651f-4fe9-8598-e908900fad78','Fitfort','fitfort.png'),
('4f6f6396-01f8-4f18-8006-95239ab0bc4a','PopSockets','popsocket.png'),
('bdc87faf-4ab2-4c4c-9e1e-bc715796a351','SHAWE','shawe.png'),
('af8349d7-c869-49e2-82af-811269473099','Lenovo','lenovo.png'),
('2ddceb27-01ca-455d-b0dc-6795cc69903b','Acer','acer.png'),
('2bb48254-ad2c-4118-842f-e886e61085d3','Dell','dell.png'),
('4a0a7fc8-44fd-4bf1-a3c6-1c8ffa5201d3','Intel','intel.png'),
('9ecb0f1a-7880-4b9e-a68e-77d8344f6a96','ASUS','asus.png'),
('69f08820-7882-4635-9dce-773c298c4326','Microsoft','microsoft.png'),
('b398f6fb-c8c2-4815-8376-96fdfdb671ae','DragonTouch','dragontouch.png'),
('6ca494ca-ddba-4a36-b06a-adf0b3272ef7','AMD','amd.png'),
('c9713039-3d4f-424b-b8f6-dc974f9333e8','XFX','xfx.png'),
('64b82620-23e2-43af-b0e4-f5521ee57197','MSI','msi.png'),
('21209c3b-086a-4c67-be62-4bbd0bf49b57','Seagate','seagate.png'),
('edd7c039-9480-4c65-a6fa-050ee701fcdf','Cosair','corsair.png'),
('99154b05-c7c2-4925-bb86-5f08ad5e8300','Thermaltake','thermaltake.png'),
('3daf013f-6758-42d3-9032-fdc4a2b22be9','Kingston','kingston.png'),
('20c7f6b5-98f8-4cdc-acae-ee067cfd8965','Creative','creative.png'),
('806b9467-1a4d-4888-a1d9-ee4dd1471d8e','Crucial','crucial.png'),
('5de4ad73-9b46-4744-92b1-8b74704b4c54','HyperX','hyperX.png'),
('020459b1-ace5-4b55-82c0-9d94073a03f4','Gigabyte','gigabyte.png'),
('dcc349d0-66ad-4442-9339-d9983de86019','TP-Link','tp-link.png')
;

INSERT INTO BRANDS_CATEGORIES(brand_id, category_id) VALUES
('4f27cc30-4ae3-4677-8fe7-cd5a2b0581da','b2e8500e-5b61-48d5-b2c2-c867e2bbfa24'),
('9ef278cf-8c89-4ee3-8111-01495d79c2bc','aa904214-6449-4eff-af32-edc517608656'),
('5305b63d-adc2-49ef-9c31-d76f4d0bf137','845b23f1-c0ee-462d-9fc7-d972ead9e37a'),
('b398d993-39fb-4c40-92dd-5e5af4dc0eac','845b23f1-c0ee-462d-9fc7-d972ead9e37a'),
('108fe2c3-22bd-41ca-9afa-330602c7cf86','845b23f1-c0ee-462d-9fc7-d972ead9e37a'),
('d4d2fc5e-beb4-43a9-8eb2-388622fef594','d2a4d24b-7de7-4016-a8b5-d208bf8bbb37'),
('d4d2fc5e-beb4-43a9-8eb2-388622fef594','90867ce7-7355-430f-a26c-d332a1ba2901'),
('972c6434-ddab-4047-9d04-f38d96314e2e','bde29811-e6c1-4acb-bfa4-77391c6fa448'),
('972c6434-ddab-4047-9d04-f38d96314e2e','6bed14f5-ac81-4168-bb6c-c822852d4232'),
('972c6434-ddab-4047-9d04-f38d96314e2e','35e98863-9ad8-4b18-8334-c933ee86d6dc'),
('4f27cc30-4ae3-4677-8fe7-cd5a2b0581da','bde29811-e6c1-4acb-bfa4-77391c6fa448'),
('4f27cc30-4ae3-4677-8fe7-cd5a2b0581da','6bed14f5-ac81-4168-bb6c-c822852d4232'),
('4f27cc30-4ae3-4677-8fe7-cd5a2b0581da','35e98863-9ad8-4b18-8334-c933ee86d6dc'),
('5305b63d-adc2-49ef-9c31-d76f4d0bf137','aa904214-6449-4eff-af32-edc517608656'),
('108fe2c3-22bd-41ca-9afa-330602c7cf86','aa904214-6449-4eff-af32-edc517608656'),
('20d1b859-812d-4975-9ece-50c53fc758ec','845b23f1-c0ee-462d-9fc7-d972ead9e37a'),
('20d1b859-812d-4975-9ece-50c53fc758ec','aa904214-6449-4eff-af32-edc517608656'),
('25291bcd-af6b-497e-83c0-ecaba3218158','845b23f1-c0ee-462d-9fc7-d972ead9e37a'),
('25291bcd-af6b-497e-83c0-ecaba3218158','e94f33d9-5cb0-48e7-b7bb-f452fa41132c'),
('aa12d8cb-8e78-4f7b-bd9c-9ab5e6ead896','d2a4d24b-7de7-4016-a8b5-d208bf8bbb37'),
('aa12d8cb-8e78-4f7b-bd9c-9ab5e6ead896','90867ce7-7355-430f-a26c-d332a1ba2901'),
('aa12d8cb-8e78-4f7b-bd9c-9ab5e6ead896','c38bdaaa-cb09-4adb-85af-6013fdbec881'),
('aa12d8cb-8e78-4f7b-bd9c-9ab5e6ead896','d3695de8-0a03-4e61-a897-14ca1182d3da'),
('aa12d8cb-8e78-4f7b-bd9c-9ab5e6ead896','168c4292-36a8-4f16-a3d4-ece487d2bfaf'),
('aa12d8cb-8e78-4f7b-bd9c-9ab5e6ead896','3b76c144-b85a-4cde-831e-e0af0699fa3c'),
('972c6434-ddab-4047-9d04-f38d96314e2e','b523d5e1-6f85-44f7-85e9-c385c99e024f'),
('bd7458fd-1649-4300-bc5e-41df27eea315','bde29811-e6c1-4acb-bfa4-77391c6fa448'),
('bd7458fd-1649-4300-bc5e-41df27eea315','84b9d18c-59af-4869-9a55-78a8b2fef6bb'),
('bd7458fd-1649-4300-bc5e-41df27eea315','6bed14f5-ac81-4168-bb6c-c822852d4232'),
('bd7458fd-1649-4300-bc5e-41df27eea315','35e98863-9ad8-4b18-8334-c933ee86d6dc'),
('bd7458fd-1649-4300-bc5e-41df27eea315','d2a4d24b-7de7-4016-a8b5-d208bf8bbb37'),
('bd7458fd-1649-4300-bc5e-41df27eea315','90867ce7-7355-430f-a26c-d332a1ba2901'),
('bd7458fd-1649-4300-bc5e-41df27eea315','c38bdaaa-cb09-4adb-85af-6013fdbec881'),
('bd7458fd-1649-4300-bc5e-41df27eea315','168c4292-36a8-4f16-a3d4-ece487d2bfaf'),
('bd7458fd-1649-4300-bc5e-41df27eea315','3b76c144-b85a-4cde-831e-e0af0699fa3c'),
('0d4d7f13-c818-4e40-8fcd-b89ad33c8e4e','aa904214-6449-4eff-af32-edc517608656'),
('12a98f5d-89f6-4b60-a098-1e0207604f81','e94f33d9-5cb0-48e7-b7bb-f452fa41132c'),
('14ab9bdc-e126-472c-90ae-941202a54050','e94f33d9-5cb0-48e7-b7bb-f452fa41132c'),
('9ef278cf-8c89-4ee3-8111-01495d79c2bc','aff762be-f569-4ba6-b334-ad33a37cbf77'),
('5305b63d-adc2-49ef-9c31-d76f4d0bf137','aff762be-f569-4ba6-b334-ad33a37cbf77'),
('108fe2c3-22bd-41ca-9afa-330602c7cf86','aff762be-f569-4ba6-b334-ad33a37cbf77'),
('84cd3537-f9db-494f-845c-e5deb462a398','aff762be-f569-4ba6-b334-ad33a37cbf77'),
('5305b63d-adc2-49ef-9c31-d76f4d0bf137','cae28317-e94d-46dd-8524-533ead7d39ba'),
('9ef278cf-8c89-4ee3-8111-01495d79c2bc','cae28317-e94d-46dd-8524-533ead7d39ba'),
('39b7ad37-1c03-4757-83ed-051ac524f013','cae28317-e94d-46dd-8524-533ead7d39ba'),
('e9816927-bd40-4f3b-b431-9a19afcde808','9c1b67ef-5bee-476a-b85f-ccc80e087263'),
('abaa17d7-5c52-4370-81eb-29ac731ed642','9c1b67ef-5bee-476a-b85f-ccc80e087263'),
('eb22968d-8293-49a2-9ccd-1b7e112fd347','9c1b67ef-5bee-476a-b85f-ccc80e087263'),
('6872d62c-244c-44f9-98ed-60a45d6fe6b3','9c1b67ef-5bee-476a-b85f-ccc80e087263'),
('6d789672-1066-4533-a6a1-03f09d13f3ec','168c4292-36a8-4f16-a3d4-ece487d2bfaf'),
('9b5c6d90-f3b3-454c-a7ad-d3c5aa47a120','168c4292-36a8-4f16-a3d4-ece487d2bfaf'),
('8f69c75f-d632-47dc-bb7f-a4d7192045f4','168c4292-36a8-4f16-a3d4-ece487d2bfaf'),
('42dc204a-3d46-445d-a3c0-7ad9334a6155','168c4292-36a8-4f16-a3d4-ece487d2bfaf'),
('6d789672-1066-4533-a6a1-03f09d13f3ec','3b76c144-b85a-4cde-831e-e0af0699fa3c'),
('8f69c75f-d632-47dc-bb7f-a4d7192045f4','3b76c144-b85a-4cde-831e-e0af0699fa3c'),
('9bb35ac0-ab53-4081-8acc-e67ef3003b44','3b76c144-b85a-4cde-831e-e0af0699fa3c'),
('1d0d97f3-ce83-40eb-8a21-e54bf538472e','3b76c144-b85a-4cde-831e-e0af0699fa3c'),
('a66b308b-cffa-4221-9256-0f28634d9222','b20b0b01-ca53-402b-ad10-b6a87343a0c4'),
('2e2f75bd-42d1-4d08-bd13-2f76ff0aec42','b20b0b01-ca53-402b-ad10-b6a87343a0c4'),
('b3dfbb92-065d-485b-bb53-730fc35fbff6','b20b0b01-ca53-402b-ad10-b6a87343a0c4'),
('ab3fbddc-0123-458e-a9e6-e63f3e083581','b20b0b01-ca53-402b-ad10-b6a87343a0c4'),
('bd7458fd-1649-4300-bc5e-41df27eea315','63b1f492-11df-4baa-b42f-0dccf7829099'),
('972c6434-ddab-4047-9d04-f38d96314e2e','63b1f492-11df-4baa-b42f-0dccf7829099'),
('e91ee38c-e0e3-41be-b133-ef4434da1ae5','63b1f492-11df-4baa-b42f-0dccf7829099'),
('6872d62c-244c-44f9-98ed-60a45d6fe6b3','71fb9423-4e74-46a6-9204-43c602f3721e'),
('bdf9002c-958e-42e1-a74c-e6c6ac15c60f','71fb9423-4e74-46a6-9204-43c602f3721e'),
('00ea2500-651f-4fe9-8598-e908900fad78','71fb9423-4e74-46a6-9204-43c602f3721e'),
('4f6f6396-01f8-4f18-8006-95239ab0bc4a','71fb9423-4e74-46a6-9204-43c602f3721e'),
('bdc87faf-4ab2-4c4c-9e1e-bc715796a351','71fb9423-4e74-46a6-9204-43c602f3721e'),
('af8349d7-c869-49e2-82af-811269473099','d2a4d24b-7de7-4016-a8b5-d208bf8bbb37'),
('af8349d7-c869-49e2-82af-811269473099','90867ce7-7355-430f-a26c-d332a1ba2901'),
('af8349d7-c869-49e2-82af-811269473099','c38bdaaa-cb09-4adb-85af-6013fdbec881'),
('2ddceb27-01ca-455d-b0dc-6795cc69903b','d2a4d24b-7de7-4016-a8b5-d208bf8bbb37'),
('2ddceb27-01ca-455d-b0dc-6795cc69903b','90867ce7-7355-430f-a26c-d332a1ba2901'),
('2ddceb27-01ca-455d-b0dc-6795cc69903b','c38bdaaa-cb09-4adb-85af-6013fdbec881'),
('2bb48254-ad2c-4118-842f-e886e61085d3','d2a4d24b-7de7-4016-a8b5-d208bf8bbb37'),
('2bb48254-ad2c-4118-842f-e886e61085d3','90867ce7-7355-430f-a26c-d332a1ba2901'),
('2bb48254-ad2c-4118-842f-e886e61085d3','c38bdaaa-cb09-4adb-85af-6013fdbec881'),
('4a0a7fc8-44fd-4bf1-a3c6-1c8ffa5201d3','aba40445-81ab-4b80-ad4d-57b291ebca2a'),
('4a0a7fc8-44fd-4bf1-a3c6-1c8ffa5201d3','d2a4d24b-7de7-4016-a8b5-d208bf8bbb37'),
('9ecb0f1a-7880-4b9e-a68e-77d8344f6a96','eb884009-692b-4ac7-b76e-f69db9bdfdfd'),
('9ecb0f1a-7880-4b9e-a68e-77d8344f6a96','d2a4d24b-7de7-4016-a8b5-d208bf8bbb37'),
('9ecb0f1a-7880-4b9e-a68e-77d8344f6a96','90867ce7-7355-430f-a26c-d332a1ba2901'),
('9ecb0f1a-7880-4b9e-a68e-77d8344f6a96','c38bdaaa-cb09-4adb-85af-6013fdbec881'),
('69f08820-7882-4635-9dce-773c298c4326','c38bdaaa-cb09-4adb-85af-6013fdbec881'),
('b398f6fb-c8c2-4815-8376-96fdfdb671ae','c38bdaaa-cb09-4adb-85af-6013fdbec881'),
('6ca494ca-ddba-4a36-b06a-adf0b3272ef7','aba40445-81ab-4b80-ad4d-57b291ebca2a'),
('6ca494ca-ddba-4a36-b06a-adf0b3272ef7','a5591b0d-ee85-46f6-8fea-1ea7afe6f9d6'),
('c9713039-3d4f-424b-b8f6-dc974f9333e8','a5591b0d-ee85-46f6-8fea-1ea7afe6f9d6'),
('64b82620-23e2-43af-b0e4-f5521ee57197','a5591b0d-ee85-46f6-8fea-1ea7afe6f9d6'),
('64b82620-23e2-43af-b0e4-f5521ee57197','eb884009-692b-4ac7-b76e-f69db9bdfdfd'),
('21209c3b-086a-4c67-be62-4bbd0bf49b57','bde29811-e6c1-4acb-bfa4-77391c6fa448'),
('9ecb0f1a-7880-4b9e-a68e-77d8344f6a96','84b9d18c-59af-4869-9a55-78a8b2fef6bb'),
('9b5c6d90-f3b3-454c-a7ad-d3c5aa47a120','84b9d18c-59af-4869-9a55-78a8b2fef6bb'),
('9ecb0f1a-7880-4b9e-a68e-77d8344f6a96','9dc72a66-690e-40dc-90b9-f09820bd61e6'),
('edd7c039-9480-4c65-a6fa-050ee701fcdf','6bed14f5-ac81-4168-bb6c-c822852d4232'),
('edd7c039-9480-4c65-a6fa-050ee701fcdf','9dc72a66-690e-40dc-90b9-f09820bd61e6'),
('99154b05-c7c2-4925-bb86-5f08ad5e8300','9dc72a66-690e-40dc-90b9-f09820bd61e6'),
('3daf013f-6758-42d3-9032-fdc4a2b22be9','6bed14f5-ac81-4168-bb6c-c822852d4232'),
('3daf013f-6758-42d3-9032-fdc4a2b22be9','35e98863-9ad8-4b18-8334-c933ee86d6dc'),
('9ecb0f1a-7880-4b9e-a68e-77d8344f6a96','bde23f22-b891-4f96-8412-506864e2e350'),
('20c7f6b5-98f8-4cdc-acae-ee067cfd8965','bde23f22-b891-4f96-8412-506864e2e350'),
('806b9467-1a4d-4888-a1d9-ee4dd1471d8e','6bed14f5-ac81-4168-bb6c-c822852d4232'),
('5de4ad73-9b46-4744-92b1-8b74704b4c54','6bed14f5-ac81-4168-bb6c-c822852d4232'),
('020459b1-ace5-4b55-82c0-9d94073a03f4','eb884009-692b-4ac7-b76e-f69db9bdfdfd'),
('dcc349d0-66ad-4442-9339-d9983de86019','b523d5e1-6f85-44f7-85e9-c385c99e024f')
;